{"type":"View","props":{"width":750,"visible":true,"runtime":"scripts/views/ClearingView.ts","height":1334},"compId":2,"child":[{"type":"Image","props":{"y":-429,"x":-40,"width":830,"skin":"ui/common/bg_mask.png","name":"bg","height":2200,"alpha":0.7},"compId":92},{"type":"Box","props":{"y":226,"x":0,"width":750,"name":"score","height":130},"compId":6,"child":[{"type":"Label","props":{"y":10,"x":323.4296875,"text":"SCORE","name":"lblName","fontSize":32,"font":"Microsoft YaHei","color":"#ffffff"},"compId":16},{"type":"FontClip","props":{"y":42,"x":0,"width":697,"value":"0","spaceX":-50,"skin":"ui/common/font_num.png","sheet":"1234567890+","name":"fontScore","height":100,"align":"center"},"compId":83},{"type":"Label","props":{"y":-63,"x":0,"width":750,"valign":"middle","text":"99999","name":"lblScore","fontSize":40,"color":"#ffeb56","align":"center"},"compId":95},{"type":"Label","props":{"y":-93,"x":336,"text":"BEST","fontSize":30,"color":"#ffeb56"},"compId":96}]},{"type":"Box","props":{"y":382,"x":67,"visible":true,"name":"appLite"},"compId":37,"child":[{"type":"Image","props":{"y":0,"x":0,"width":616,"skin":"ui/common/cell_5.png","sizeGrid":"20,20,20,20","name":"bg","height":542},"compId":51},{"type":"List","props":{"y":11.5,"x":24,"width":568,"spaceY":10,"spaceX":40,"repeatY":4,"repeatX":3,"name":"appList","height":519},"compId":47,"child":[{"type":"Box","props":{"width":160,"renderType":"render","height":120},"compId":93,"child":[{"type":"Image","props":{"width":160,"name":"thumb","height":120},"compId":94}]}]}]},{"type":"Box","props":{"x":74,"width":607,"name":"bottomPanel","height":112,"cacheAs":"normal","bottom":100},"compId":38,"child":[{"type":"Button","props":{"y":0,"x":157,"width":367,"stateNum":1,"skin":"ui/common/btn_home.png","scaleY":0.8,"scaleX":0.8,"name":"btnBack","label":" ","height":120,"cacheAs":"normal"},"compId":20},{"type":"Button","props":{"y":-148,"x":152.5,"stateNum":1,"skin":"ui/common/btn_agen.png","name":"btnPlay"},"compId":53}]}],"loadList":["ui/common/bg_mask.png","ui/common/collect_hand.png","ui/common/font_num.png","ui/common/cell_3.png","ui/common/cell_5.png","ui/common/font_hot_game.png","ui/common/mask_white.png","ui/common/btn_home.png","ui/common/btn_agen.png","ui/common/btn_figth.png","prefab/appItem.prefab"],"loadList3D":[]}