{"type":"Scene","props":{"width":750,"runtime":"scripts/views/GameView.ts","height":1334},"compId":2,"child":[{"type":"Label","props":{"y":617,"x":275,"width":200,"visible":false,"valign":"middle","text":"9","name":"lblDetay","fontSize":100,"color":"#ffffff","align":"center"},"compId":41},{"type":"Box","props":{"y":30,"x":0,"width":750,"name":"topPanel","height":60},"compId":7,"child":[{"type":"Label","props":{"y":30,"x":75,"width":600,"visible":false,"valign":"middle","text":"9999","name":"lbSpeed","fontSize":90,"color":"#ffffff","align":"center"},"compId":6},{"type":"Label","props":{"y":120,"x":75,"width":600,"visible":false,"valign":"middle","text":"0档","name":"lbLevel","fontSize":70,"color":"#ffffff","align":"center"},"compId":48},{"type":"ProgressBar","props":{"y":218,"x":221,"visible":true,"value":1,"skin":"ui/common/speed_up.png","sizeGrid":"0,20,0,20","name":"barSpeed"},"compId":55},{"type":"FontClip","props":{"y":105,"x":19,"width":656,"value":"0","spaceX":-50,"skin":"ui/common/font_num.png","sheet":"1234567890+","name":"fontScore","height":100,"align":"center"},"compId":56}]},{"type":"Image","props":{"y":-208,"x":0,"width":750,"visible":false,"skin":"ui/common/bg_mask.png","name":"detay","height":1750},"compId":42},{"type":"Image","props":{"y":917.5,"x":125,"skin":"ui/common/font_guide_loosen.png","name":"imgGuideRotate"},"compId":65},{"type":"Box","props":{"y":0,"x":0,"name":"guidePanel"},"compId":49,"child":[{"type":"Sprite","props":{"y":1075,"x":108,"texture":"ui/common/icon_guide_slider.png","name":"sprGuide"},"compId":52,"child":[{"type":"Sprite","props":{"y":5.5,"x":44,"texture":"ui/common/icon_guide_finger.png"},"compId":53}]},{"type":"Image","props":{"y":1016,"x":251.5,"skin":"ui/common/font_guide.png","name":"imgGuide"},"compId":64}]},{"type":"Box","props":{"y":617,"x":533,"width":150,"pivotY":75,"pivotX":75,"name":"circle","height":150},"compId":59,"child":[{"type":"Image","props":{"y":0,"x":0,"skin":"ui/common/icon_circle.png","name":"imgCircle"},"compId":57},{"type":"FontClip","props":{"y":25,"x":-18,"width":93,"value":"1","spaceX":-50,"skin":"ui/common/font_num.png","sheet":"1234567890+","name":"fontCircleNum","height":100,"align":"center"},"compId":58},{"type":"FontClip","props":{"y":0,"x":75,"width":198,"value":"+50","spaceX":-50,"skin":"ui/common/font_num.png","sheet":"1234567890+","scaleY":0.6,"scaleX":0.6,"pivotY":50,"pivotX":99,"name":"fontAddScore","height":100,"alpha":0,"align":"left"},"compId":63}]},{"type":"Image","props":{"var":"yad","skin":"common/yad.png","left":10,"bottom":10},"compId":66}],"loadList":["ui/common/speed_up.png","ui/common/font_num.png","ui/common/bg_mask.png","ui/common/font_guide_loosen.png","ui/common/bg_guide.png","ui/common/icon_guide_slider.png","ui/common/icon_guide_finger.png","ui/common/font_guide.png","ui/common/icon_circle.png","ui/rank/tag_rank_over.png","common/yad.png"],"loadList3D":[]}