{"type":"View","props":{"width":750,"runtime":"scripts/views/HomeView.ts","height":1334},"compId":2,"child":[{"type":"Box","props":{"y":30,"x":0,"width":750,"name":"topPanel","height":60},"compId":24,"child":[{"type":"Image","props":{"y":110,"x":175,"skin":"loading/icon_logo.png","name":"logo"},"compId":81},{"type":"Button","props":{"y":0,"x":30,"width":60,"stateNum":1,"skin":"ui/common/btn_sound_on.png","name":"btnSound","height":60},"compId":70}]},{"type":"Box","props":{"y":799,"x":83.5,"width":583,"name":"bottomui","height":294,"cacheAs":"normal"},"compId":25,"child":[{"type":"Button","props":{"y":-38,"x":89.5,"stateNum":1,"skin":"ui/common/btn_play.png","name":"btnPlay"},"compId":33},{"type":"Sprite","props":{"y":147,"x":191.5,"var":"yad","texture":"common/yad.png"},"compId":105},{"type":"Label","props":{"y":-164,"x":-83.5,"width":750,"valign":"middle","text":"99999","name":"lblScore","fontSize":80,"color":"#ffffff","align":"center"},"compId":106},{"type":"Label","props":{"y":-221,"x":232.734130859375,"text":"BEST","name":"lblName","fontSize":45,"color":"#ffffff"},"compId":107}]},{"type":"Box","props":{"x":0,"name":"listBox","bottom":40},"compId":84,"child":[{"type":"Image","props":{"width":750,"skin":"ui/common/bg_mask.png","height":180,"alpha":0.7},"compId":9},{"type":"List","props":{"y":17,"x":15,"width":720,"spaceX":25,"repeatY":1,"repeatX":4,"name":"gameList","height":146},"compId":10,"child":[{"type":"Box","props":{"y":10,"width":160,"renderType":"render","height":120},"compId":99,"child":[{"type":"Image","props":{"width":160,"name":"thumb","height":120},"compId":97}]}]}]}],"loadList":["loading/icon_logo.png","ui/common/collect_hand.png","ui/common/btn_sound_on.png","ui/common/btn_vibrate_on.png","ui/common/mask_white.png","ui/common/btn_play.png","ui/common/btn_rank.png","ui/common/btn_svrvice.png","ui/common/btn_share_1.png","ui/common/btn_collect.png","ui/common/bg_mask.png","common/yad.png"],"loadList3D":[]}