{"type":"View","props":{"width":750,"runtime":"scripts/views/LoginView.ts","height":1334},"compId":2,"child":[{"type":"Box","props":{"x":0,"width":750,"name":"viewLoad","height":1334},"compId":3,"child":[{"type":"Image","props":{"y":-208,"x":0,"width":750,"skin":"loading/bg.png","name":"bg","height":1750},"compId":5},{"type":"Image","props":{"y":251,"x":175,"skin":"loading/icon_logo.png","name":"logo"},"compId":12},{"type":"Label","props":{"y":1000,"x":295.7177734375,"width":158,"valign":"middle","text":"0%","strokeColor":"#08084b","stroke":2,"name":"lblPres","height":26,"fontSize":26,"color":"#ffffff","bold":true,"align":"center"},"compId":7},{"type":"Label","props":{"y":1079,"valign":"middle","text":"Loading......","strokeColor":"#08084b","stroke":2,"name":"lblPres","fontSize":26,"color":"#ffffff","centerX":0,"bold":true,"align":"center"},"compId":11},{"type":"ProgressBar","props":{"y":1051,"x":163,"visible":true,"value":0,"skin":"loading/load_progress.png","name":"barPres"},"compId":4},{"type":"Image","props":{"x":274.5,"var":"yad","skin":"common/yad.png","bottom":10},"compId":13}]}],"loadList":["loading/bg.png","loading/icon_logo.png","loading/load_progress.png","common/yad.png"],"loadList3D":[]}