{"type":"View","props":{"width":750,"runtime":"scripts/views/OverView.ts","height":1334},"compId":2,"child":[{"type":"Image","props":{"y":-429,"x":-40,"width":830,"skin":"ui/common/bg_mask.png","name":"bg","height":2200,"alpha":0.7},"compId":51},{"type":"Box","props":{"y":124,"x":0,"width":750,"visible":false,"name":"score","height":172},"compId":27,"child":[{"type":"Label","props":{"y":73,"width":750,"valign":"middle","text":"99999","name":"lblScore","fontSize":99,"color":"#ffce23","align":"center"},"compId":15},{"type":"Label","props":{"y":0,"x":294.986572265625,"text":"SCORE","name":"lblName","fontSize":45,"color":"#ffce23"},"compId":16}]},{"type":"Box","props":{"y":348,"x":228,"name":"goonTime"},"compId":42,"child":[{"type":"Sprite","props":{"y":3,"x":3,"texture":"ui/common/bar_load_0.png","name":"bg"},"compId":40},{"type":"Sprite","props":{"y":147,"x":147,"width":294,"texture":"ui/common/bar_load_2.png","pivotY":147,"pivotX":147,"name":"bar2","height":294},"compId":38},{"type":"Sprite","props":{"y":147,"x":147,"width":294,"texture":"ui/common/bar_load_1.png","pivotY":147,"pivotX":147,"name":"bar1","height":294},"compId":39,"child":[{"type":"Sprite","props":{"y":139,"x":139,"renderType":"mask","name":"sprMask"},"compId":48,"child":[{"type":"Pie","props":{"y":7,"x":8,"startAngle":0,"radius":150,"lineWidth":1,"fillColor":"#ff0000","endAngle":0},"compId":50}]}]},{"type":"Label","props":{"y":0,"x":0,"width":294,"valign":"middle","text":"10","name":"lbTimer","height":294,"fontSize":121,"color":"#ffffff","align":"center"},"compId":41}]},{"type":"Button","props":{"y":748,"x":180,"stateNum":1,"skin":"ui/common/btn_video_2.png","name":"btnVideo"},"compId":35},{"type":"Box","props":{"x":135,"width":480,"name":"bottomPanel","height":76,"cacheAs":"normal","bottom":297},"compId":10,"child":[{"type":"Label","props":{"y":-24.5,"x":240,"width":318,"valign":"middle","text":"Skip","pivotY":25,"pivotX":159,"name":"btnSkip","height":49,"fontSize":40,"color":"#ffffff","bold":true,"align":"center"},"compId":9}]}],"loadList":["ui/common/bg_mask.png","ui/rank/tag_rank_over.png","ui/rank/avater_default.png","ui/common/bar_load_0.png","ui/common/bar_load_2.png","ui/common/bar_load_1.png","ui/common/btn_share_2.png","ui/common/btn_video_2.png","ui/common/mask_white.png"],"loadList3D":[]}