[{"name":"Construct_1","models":[{"name":"House_sml_1","position":{"x":"9.07","y":"0.2","z":"0.00"}},{"name":"House_sml_14","position":{"x":"-8.15","y":"0.2","z":"-8.85"}},{"name":"House_sml_3","position":{"x":"-9.89","y":"0.2","z":"5.76"}}]},{"name":"Construct_2","models":[{"name":"House_sml_5","position":{"x":"9.07","y":"0.2","z":"-4.86"}},{"name":"House_sml_8","position":{"x":"8.23","y":"0.2","z":"8.30"}},{"name":"House_big_7","position":{"x":"-11.55","y":"0.2","z":"2.99"}},{"name":"House_sml_9","position":{"x":"-7.81","y":"0.2","z":"-8.64"}}]},{"name":"Construct_3","models":[{"name":"House_big_6","position":{"x":"12.41","y":"0.2","z":"6.50"}},{"name":"House_big_12","position":{"x":"10.63","y":"0.2","z":"-7.50"}},{"name":"House_sml_14","position":{"x":"-9.40","y":"0.2","z":"7.50"}},{"name":"House_sml_2","position":{"x":"-8.70","y":"0.2","z":"-6.60"}}]},{"name":"Construct_4","models":[{"name":"House_big_1","position":{"x":"-12.70","y":"0.2","z":"-6.60"}},{"name":"House_big_5","position":{"x":"-11.79","y":"0.2","z":"6.80"}},{"name":"House_sml_8","position":{"x":"7.09","y":"0.2","z":"0.60"}},{"name":"House_sml_12","position":{"x":"10.20","y":"0.2","z":"-8.30"}},{"name":"House_sml_11","position":{"x":"10.10","y":"0.2","z":"9.60"}}]},{"name":"Construct_5","models":[{"name":"House_sml_1","position":{"x":"8.08","y":"0.2","z":"0.40"}},{"name":"House_sml_7","position":{"x":"-10.51","y":"0.2","z":"-5.10"}},{"name":"House_sml_14","position":{"x":"-6.90","y":"0.2","z":"6.50"}}]},{"name":"Construct_6","models":[{"name":"House_sml_6","position":{"x":"9.70","y":"0.2","z":"-0.40"}},{"name":"House_sml_9","position":{"x":"8.00","y":"0.2","z":"-10.10"}},{"name":"House_sml_14","position":{"x":"8.21","y":"0.2","z":"9.34"}},{"name":"House_sml_5","position":{"x":"-10.90","y":"0.2","z":"6.70"}},{"name":"House_sml_2","position":{"x":"-8.40","y":"0.2","z":"-6.90"}}]},{"name":"Construct_7","models":[{"name":"House_big_8","position":{"x":"-12.40","y":"0.2","z":"-5.20"}},{"name":"House_big_6","position":{"x":"11.90","y":"0.2","z":"-0.30"}},{"name":"House_sml_12","position":{"x":"-10.20","y":"0.2","z":"7.40"}}]},{"name":"Construct_8","models":[{"name":"House_sml_1","position":{"x":"-9.70","y":"0.2","z":"-0.70"}},{"name":"House_sml_3","position":{"x":"8.10","y":"0.2","z":"-6.10"}},{"name":"House_sml_18","position":{"x":"9.40","y":"0.2","z":"7.20"}}]},{"name":"Construct_9","models":[{"name":"House_big_5","position":{"x":"-11.85","y":"0.2","z":"4.75"}},{"name":"House_sml_13","position":{"x":"-10.83","y":"0.2","z":"-9.00"}},{"name":"House_big_10","position":{"x":"11.30","y":"0.2","z":"-5.60"}},{"name":"House_sml_10","position":{"x":"9.27","y":"0.2","z":"6.70"}}]},{"name":"Construct_10","models":[{"name":"House_sml_4","position":{"x":"9.10","y":"0.2","z":"5.80"}},{"name":"House_sml_6","position":{"x":"9.30","y":"0.2","z":"-7.40"}},{"name":"House_big_12","position":{"x":"-11.00","y":"0.2","z":"-6.70"}},{"name":"House_big_5","position":{"x":"-12.70","y":"0.2","z":"6.90"}}]}]