[{"name":"Easy_1","models":[{"name":"Barrier","position":{"x":"2.20","y":"0","z":"10.00"}},{"name":"Barrier","position":{"x":"0.00","y":"0","z":"10.00"}}]},{"name":"Easy_2","models":[{"name":"Barrier","position":{"x":"-2.20","y":"0","z":"10.00"}},{"name":"Barrier","position":{"x":"0.00","y":"0","z":"10.00"}}]},{"name":"Easy_3","models":[{"name":"Ramp_Hig","position":{"x":"2.00","y":"0","z":"0.00"}},{"name":"Ramp_Hig","position":{"x":"0.00","y":"0","z":"0.00"}},{"name":"Ramp_Hig","position":{"x":"-2.00","y":"0","z":"0.00"}}]},{"name":"Easy_5","models":[{"name":"AcceArrow","position":{"x":"2.00","y":"0","z":"8.00"}},{"name":"AcceArrow","position":{"x":"0.00","y":"0","z":"8.00"}},{"name":"AcceArrow","position":{"x":"-2.00","y":"0","z":"8.00"}},{"name":"AcceArrow","position":{"x":"-2.00","y":"0","z":"-13.00"}},{"name":"AcceArrow","position":{"x":"0.00","y":"0","z":"-13.00"}},{"name":"AcceArrow","position":{"x":"2.00","y":"0","z":"-13.00"}}]},{"name":"Easy_6","models":[{"name":"Ramp_Mid","position":{"x":"2.00","y":"0","z":"0.00"}},{"name":"Ramp_Mid","position":{"x":"0.00","y":"0","z":"0.00"}},{"name":"Ramp_Low","position":{"x":"-2.00","y":"0","z":"0.00"}}]},{"name":"Easy_7","models":[{"name":"Ramp_Mid","position":{"x":"-2.00","y":"0","z":"0.00"}},{"name":"Ramp_Mid","position":{"x":"0.00","y":"0","z":"0.00"}},{"name":"Ramp_Low","position":{"x":"2.00","y":"0","z":"0.00"}}]},{"name":"Easy_8","models":[{"name":"Ramp_Mid","position":{"x":"2.00","y":"0","z":"10.00"}},{"name":"Ramp_Mid","position":{"x":"2.00","y":"0","z":"-12.00"}},{"name":"Ramp_Low","position":{"x":"-2.00","y":"0","z":"0.00"}},{"name":"AcceArrow","position":{"x":"0.00","y":"0","z":"-1.00"}}]},{"name":"Easy_9","models":[{"name":"Ramp_Mid","position":{"x":"-2.00","y":"0","z":"10.00"}},{"name":"Ramp_Mid","position":{"x":"-2.00","y":"0","z":"-12.00"}},{"name":"Ramp_Low","position":{"x":"2.00","y":"0","z":"0.00"}},{"name":"AcceArrow","position":{"x":"0.00","y":"0","z":"-1.00"}}]},{"name":"Easy_10","models":[{"name":"AcceArrow","position":{"x":"0.00","y":"0","z":"-1.00"}},{"name":"AcceArrow","position":{"x":"2.00","y":"0","z":"8.00"}},{"name":"AcceArrow","position":{"x":"-2.00","y":"0","z":"-12.00"}}]},{"name":"Easy_11","models":[{"name":"AcceArrow","position":{"x":"0.00","y":"0","z":"-1.00"}},{"name":"AcceArrow","position":{"x":"-2.00","y":"0","z":"8.00"}},{"name":"AcceArrow","position":{"x":"2.00","y":"0","z":"-12.00"}}]},{"name":"Easy_12","models":[{"name":"AcceArrow","position":{"x":"2.00","y":"0","z":"8.00"}},{"name":"AcceArrow","position":{"x":"2.00","y":"0","z":"-12.00"}}]},{"name":"Easy_13","models":[{"name":"AcceArrow","position":{"x":"-2.00","y":"0","z":"8.00"}},{"name":"AcceArrow","position":{"x":"-2.00","y":"0","z":"-12.00"}}]}]