[{"name":"Model_1","models":[{"name":"Ramp_Low","position":{"x":"-2.00","y":"0","z":"0.00"}},{"name":"Ramp_Hig_Acce","position":{"x":"0.00","y":"0","z":"0.00"}},{"name":"Ramp_Low","position":{"x":"2.00","y":"0","z":"0.00"}}]},{"name":"Model_2","models":[{"name":"Ramp_Mid","position":{"x":"2.00","y":"0","z":"0.00"}},{"name":"Ramp_Hig_Acce","position":{"x":"0.00","y":"0","z":"0.00"}},{"name":"Ramp_Mid","position":{"x":"-2.00","y":"0","z":"0.00"}}]},{"name":"Model_3","models":[{"name":"Ramp_Low","position":{"x":"2.00","y":"0","z":"9.00"}},{"name":"Ramp_Low","position":{"x":"2.00","y":"0","z":"-9.00"}},{"name":"Ramp_Mid_Acce","position":{"x":"-2.00","y":"0","z":"0.00"}}]},{"name":"Model_4","models":[{"name":"Ramp_Low","position":{"x":"-2.00","y":"0","z":"9.00"}},{"name":"Ramp_Low","position":{"x":"-2.00","y":"0","z":"-9.00"}},{"name":"Ramp_Mid_Acce","position":{"x":"2.00","y":"0","z":"0.00"}}]},{"name":"Model_5","models":[{"name":"Ramp_Hig","position":{"x":"2.00","y":"0","z":"5.00"}},{"name":"AcceArrow","position":{"x":"2.00","y":"0","z":"-2.00"}}]},{"name":"Model_6","models":[{"name":"Ramp_Hig","position":{"x":"-2.00","y":"0","z":"5.00"}},{"name":"AcceArrow","position":{"x":"-2.00","y":"0","z":"-2.00"}}]},{"name":"Model_7","models":[{"name":"Barrier","position":{"x":"0.00","y":"0","z":"6.00"}},{"name":"Ramp_Hig","position":{"x":"2.00","y":"0","z":"5.00"}},{"name":"AcceArrow","position":{"x":"2.00","y":"0","z":"-2.00"}}]},{"name":"Model_8","models":[{"name":"Barrier","position":{"x":"0.00","y":"0","z":"6.00"}},{"name":"Ramp_Hig","position":{"x":"-2.00","y":"0","z":"5.00"}},{"name":"AcceArrow","position":{"x":"-2.00","y":"0","z":"-2.00"}}]},{"name":"Model_9","models":[{"name":"Ramp_Mid_Acce","position":{"x":"2.00","y":"0","z":"0.00"}}]},{"name":"Model_10","models":[{"name":"Ramp_Mid_Acce","position":{"x":"-2.00","y":"0","z":"0.00"}}]},{"name":"Model_11","models":[{"name":"AcceArrow","position":{"x":"-2.00","y":"0","z":"0.00"}},{"name":"Ramp_Mid","position":{"x":"2.00","y":"0","z":"0.00"}}]},{"name":"Model_12","models":[{"name":"AcceArrow","position":{"x":"2.00","y":"0","z":"0.00"}},{"name":"Ramp_Mid","position":{"x":"-2.00","y":"0","z":"0.00"}}]},{"name":"Model_13","models":[{"name":"Ramp_Low","position":{"x":"2.00","y":"0","z":"-9.00"}},{"name":"Ramp_Hig_Acce","position":{"x":"-2.00","y":"0","z":"9.00"}}]},{"name":"Model_14","models":[{"name":"Ramp_Low","position":{"x":"-2.00","y":"0","z":"-9.00"}},{"name":"Ramp_Hig_Acce","position":{"x":"2.00","y":"0","z":"9.00"}}]},{"name":"Model_15","models":[{"name":"Ramp_Hig","position":{"x":"-2.00","y":"0","z":"9.00"}},{"name":"Ramp_Low_Acce","position":{"x":"2.00","y":"0","z":"-9.00"}}]},{"name":"Model_16","models":[{"name":"Ramp_Hig","position":{"x":"2.00","y":"0","z":"9.00"}},{"name":"Ramp_Low_Acce","position":{"x":"-2.00","y":"0","z":"-9.00"}}]},{"name":"Model_17","models":[{"name":"AcceArrow","position":{"x":"2.00","y":"0","z":"8.00"}},{"name":"AcceArrow","position":{"x":"-2.00","y":"0","z":"-8.00"}}]},{"name":"Model_18","models":[{"name":"AcceArrow","position":{"x":"-2.00","y":"0","z":"8.00"}},{"name":"AcceArrow","position":{"x":"2.00","y":"0","z":"-8.00"}}]},{"name":"Model_19","models":[{"name":"Barrier","position":{"x":"2.00","y":"0","z":"10.00"}}]},{"name":"Model_20","models":[{"name":"Barrier","position":{"x":"-2.00","y":"0","z":"10.00"}}]},{"name":"Model_21","models":[{"name":"Barrier","position":{"x":"2.00","y":"0","z":"2.00"}},{"name":"Ramp_Hig_Acce","position":{"x":"0.00","y":"0","z":"0.00"}},{"name":"Barrier","position":{"x":"-2.00","y":"0","z":"2.00"}}]},{"name":"Model_22","models":[{"name":"Ramp_Mid_Acce","position":{"x":"0.00","y":"0","z":"0.00"}},{"name":"Barrier","position":{"x":"2.00","y":"0","z":"2.00"}},{"name":"Barrier","position":{"x":"-2.00","y":"0","z":"2.00"}}]},{"name":"Model_23","models":[{"name":"Barrier","position":{"x":"0.00","y":"0","z":"6.00"}},{"name":"Ramp_Hig","position":{"x":"2.00","y":"0","z":"5.00"}},{"name":"AcceArrow","position":{"x":"2.00","y":"0","z":"-2.00"}},{"name":"Barrier","position":{"x":"-2.00","y":"0","z":"6.00"}}]},{"name":"Model_24","models":[{"name":"Barrier","position":{"x":"0.00","y":"0","z":"6.00"}},{"name":"Ramp_Hig","position":{"x":"-2.00","y":"0","z":"5.00"}},{"name":"AcceArrow","position":{"x":"-2.00","y":"0","z":"-2.00"}},{"name":"Barrier","position":{"x":"2.00","y":"0","z":"6.00"}}]},{"name":"Model_25","models":[{"name":"Barrier","position":{"x":"0.00","y":"0","z":"2.00"}},{"name":"Ramp_Hig","position":{"x":"-2.00","y":"0","z":"7.00"}},{"name":"Ramp_Low_Acce","position":{"x":"2.00","y":"0","z":"-7.00"}}]},{"name":"Model_26","models":[{"name":"Barrier","position":{"x":"0.00","y":"0","z":"2.00"}},{"name":"Ramp_Hig","position":{"x":"2.00","y":"0","z":"7.00"}},{"name":"Ramp_Low_Acce","position":{"x":"-2.00","y":"0","z":"-7.00"}}]},{"name":"Model_27","models":[{"name":"Barrier","position":{"x":"-2.20","y":"0","z":"10.00"}},{"name":"Barrier","position":{"x":"0.00","y":"0","z":"7.00"}}]},{"name":"Model_28","models":[{"name":"Barrier","position":{"x":"2.20","y":"0","z":"10.00"}},{"name":"Barrier","position":{"x":"0.00","y":"0","z":"7.00"}}]},{"name":"Model_29","models":[{"name":"AcceArrow","position":{"x":"-2.00","y":"0","z":"8.00"}}]},{"name":"Model_30","models":[{"name":"AcceArrow","position":{"x":"2.00","y":"0","z":"8.00"}}]},{"name":"Model_31","models":[{"name":"Barrier","position":{"x":"-2.20","y":"0","z":"10.00"}},{"name":"Barrier","position":{"x":"2.20","y":"0","z":"10.00"}}]}]